id,rel_status,profile_pic,requests
1tqmd,In a relationship,Couple,4
1tqmd,In a relationship,Alone,4
7q13n,In a relationship,Couple,4
7q13n,In a relationship,Alone,6
jybm4,In a relationship,Couple,4
jybm4,In a relationship,Alone,7
gr6f0,In a relationship,Couple,3
gr6f0,In a relationship,Alone,5
ek223,In a relationship,Couple,4
ek223,In a relationship,Alone,3
wvs60,In a relationship,Couple,2
wvs60,In a relationship,Alone,5
gu86d,In a relationship,Couple,4
gu86d,In a relationship,Alone,6
311m5,In a relationship,Couple,3
311m5,In a relationship,Alone,4
u62n2,In a relationship,Couple,3
u62n2,In a relationship,Alone,7
7d1kb,In a relationship,Couple,3
7d1kb,In a relationship,Alone,5
y25ox,In a relationship,Couple,3
y25ox,In a relationship,Alone,8
d8nkk,In a relationship,Couple,4
d8nkk,In a relationship,Alone,7
r2o3n,In a relationship,Couple,3
r2o3n,In a relationship,Alone,6
l1ou8,In a relationship,Couple,1
l1ou8,In a relationship,Alone,4
5m6v2,In a relationship,Couple,3
5m6v2,In a relationship,Alone,6
s7jie,In a relationship,Couple,4
s7jie,In a relationship,Alone,6
1b0fc,In a relationship,Couple,4
1b0fc,In a relationship,Alone,7
2110i,Single,Couple,6
2110i,Single,Alone,8
8f3mv,Single,Couple,3
8f3mv,Single,Alone,8
xbl42,Single,Couple,4
xbl42,Single,Alone,9
8m4kh,Single,Couple,4
8m4kh,Single,Alone,9
8u885,Single,Couple,3
8u885,Single,Alone,10
2ae6k,Single,Couple,3
2ae6k,Single,Alone,11
6lpp7,Single,Couple,4
6lpp7,Single,Alone,7
4lo17,Single,Couple,4
4lo17,Single,Alone,6
2g20a,Single,Couple,2
2g20a,Single,Alone,8
713t2,Single,Couple,6
713t2,Single,Alone,5
rcc8s,Single,Couple,4
rcc8s,Single,Alone,9
528vb,Single,Couple,4
528vb,Single,Alone,6
qda6u,Single,Couple,3
qda6u,Single,Alone,5
ml27v,Single,Couple,2
ml27v,Single,Alone,8
v3iwf,Single,Couple,4
v3iwf,Single,Alone,11
nn971,Single,Couple,5
nn971,Single,Alone,8
wq81s,Single,Couple,3
wq81s,Single,Alone,7
8ns76,Single,Couple,2
8ns76,Single,Alone,5
hc71n,Single,Couple,5
hc71n,Single,Alone,10
xf25n,Single,Couple,4
xf25n,Single,Alone,8
vj6yr,Single,Couple,6
vj6yr,Single,Alone,9
stx30,Single,Couple,7
stx30,Single,Alone,10
f1th9,Single,Couple,3
f1th9,Single,Alone,5
