id,quantity,treat,delivered
Fankle the Determined,4,Mulled wine,Not delivered
Amber the Cuddle,3,Mulled wine,Not delivered
Snorklum the Content,3,Pudding,Delivered
Henri the Biddible,0,Pudding,Delivered
Ainsley the Eigen vector,0,Mulled wine,Delivered
Funnelcup the Iron maiden fan,1,Mulled wine,Delivered
Ramsey the Surprised,2,Pudding,Delivered
Bindlestiff the Surprised,3,Mulled wine,Not delivered
Lardy the Strong,1,Pudding,Delivered
Theo the Small,1,Pudding,Delivered
Alexis the Cute,1,Pudding,Delivered
Per the Egalitarian,3,Pudding,Delivered
Nergal the Lollygag,3,Mulled wine,Delivered
Hughy the Content,1,Mulled wine,Not delivered
Ramsey the Partial derivative,3,Mulled wine,Delivered
Flo the Sangoma,2,Mulled wine,Delivered
Flumin the Nostril-checker,1,Pudding,Delivered
Nicko the Forgetful,1,Pudding,Not delivered
Tulip the Hincklepump,2,Mulled wine,Not delivered
Nicko the Nostril-checker,3,Mulled wine,Not delivered
Cleo the Dextrous,1,Pudding,Delivered
Quo the Dextrous,1,Pudding,Delivered
Tinsel the Pointless dancer,0,Pudding,Delivered
Petr the Puddle jumper,2,Mulled wine,Not delivered
Juniper the Tall,3,Mulled wine,Not delivered
Jezebel the Determined,2,Mulled wine,Not delivered
Quo the Vagarious,2,Pudding,Delivered
Alexis the Mudlark,4,Mulled wine,Not delivered
Amulet the Hincklepump,3,Pudding,Delivered
Geeling the Puddle jumper,1,Mulled wine,Delivered
Bumfissue the Dotish,2,Mulled wine,Not delivered
Vanessa the Visible,1,Mulled wine,Delivered
Bumbo the Partial derivative,4,Mulled wine,Not delivered
Vanessa the Hipster,1,Pudding,Delivered
Charlie the Mischievous,3,Mulled wine,Not delivered
Edwin the Kind,2,Mulled wine,Not delivered
Evra the Jubulant,4,Pudding,Delivered
Arlo the Nondescript,0,Pudding,Delivered
Iwobi the Lollygag,1,Pudding,Delivered
Nicko the Wrapper,2,Pudding,Not delivered
Juniper the Biddible,3,Mulled wine,Not delivered
Wickham the Xylopolist,1,Pudding,Delivered
Geeling the Mischievous,3,Mulled wine,Not delivered
Ramsey the Neurotic,2,Mulled wine,Delivered
Juniper the Statistical,2,Pudding,Delivered
Oxter the Knee-scratcher,3,Mulled wine,Not delivered
Bardy the Agreeable,1,Mulled wine,Delivered
Amber the Nondescript,1,Mulled wine,Not delivered
Jongle the Determined,2,Pudding,Delivered
Liv the Carpenter,3,Mulled wine,Not delivered
Daisy the Fork-lift truck,0,Pudding,Not delivered
Pooter the Fairy disguised as an elf,1,Mulled wine,Delivered
Buttercup the Woodchopper,4,Pudding,Delivered
Merkin the Dwaal,0,Mulled wine,Delivered
Ogdoad the Small,2,Mulled wine,Not delivered
Rand the Invisible,3,Mulled wine,Delivered
Tibble the Delighted,4,Mulled wine,Not delivered
Dojan the Conscious,0,Pudding,Delivered
Saed the Gregarious,1,Pudding,Delivered
Wickham the Innocuous,3,Pudding,Delivered
Ozzy the Eigen vector,4,Mulled wine,Not delivered
Edward the Partial derivative,2,Mulled wine,Delivered
Juniper the Fairy disguised as an elf,1,Mulled wine,Delivered
Jongle the Partial derivative,1,Pudding,Not delivered
Ramsey the Truculent,4,Mulled wine,Not delivered
Petr the Knee-scratcher,3,Mulled wine,Not delivered
Selkie the Conscious,2,Mulled wine,Not delivered
Bellerin the Xylopolist,1,Pudding,Delivered
Iwobi the Jumentous,2,Mulled wine,Delivered
Bardfast the Nepharious,2,Mulled wine,Delivered
Vidiot the Pinguid,3,Mulled wine,Delivered
Liv the Kind,4,Pudding,Delivered
Condrick the Sangoma,1,Mulled wine,Delivered
Liv the Musical,3,Pudding,Delivered
Charlie the Dextrous,2,Mulled wine,Not delivered
Ozzy the Agreeable,2,Mulled wine,Not delivered
Evra the Eigen vector,2,Mulled wine,Delivered
Rob the Cute,3,Pudding,Not delivered
Erwin the Forgetful,2,Pudding,Delivered
Flimminiflam the Reindeer feeder,2,Pudding,Delivered
Dojan the Xylopolist,2,Mulled wine,Not delivered
Fankle the Invisible,3,Mulled wine,Not delivered
Fankle the Knee-scratcher,3,Mulled wine,Not delivered
Liv the Nepharious,0,Pudding,Delivered
Ug the Cuddle,1,Pudding,Delivered
Skelf the Kind,2,Pudding,Delivered
Vicki the Visible,1,Pudding,Delivered
Fipple the Chopwooder,0,Pudding,Delivered
Tibble the Tidy,0,Mulled wine,Delivered
Nergal the Superbious,2,Pudding,Not delivered
Amber the Nepharious,0,Mulled wine,Delivered
Flo the Kind,4,Pudding,Delivered
Fipple the Potato carver,4,Mulled wine,Delivered
Xeb the Muppet,1,Pudding,Delivered
Frimpong the Woodchopper,0,Pudding,Delivered
Milton the Pointless dancer,3,Pudding,Not delivered
Liv the Arm measurer,1,Mulled wine,Delivered
Zorro the Chopwooder,4,Pudding,Not delivered
Belphegor the Pointless dancer,4,Mulled wine,Not delivered
Xeb the Tedious,1,Mulled wine,Delivered
Bindlestiff the Busy,2,Pudding,Delivered
Condrick the Neurotic,1,Mulled wine,Delivered
Merkin the Hippocampus,3,Mulled wine,Not delivered
Ogdoad the Crank,3,Mulled wine,Not delivered
Famulus the Biddible,0,Pudding,Not delivered
Potomous the Jubulant,2,Mulled wine,Delivered
Evra the Neurotic,4,Mulled wine,Not delivered
Rob the Extroverted,2,Pudding,Delivered
Jezebel the Potato carver,4,Mulled wine,Not delivered
Roediger the Visionary,3,Mulled wine,Delivered
Dani the Nostril-checker,0,Pudding,Not delivered
Dani the Knee-scratcher,2,Pudding,Not delivered
Liv the Mid-term assessment,1,Pudding,Not delivered
Amber the Wizzard,3,Pudding,Delivered
Vidiot the Statistical,2,Pudding,Delivered
Florence the Tidy,2,Pudding,Delivered
Jinjijinjinjan the Quiet,0,Mulled wine,Delivered
Ainsley the Jumentous,1,Mulled wine,Delivered
Charlie the Fork-lift truck,3,Pudding,Delivered
Lardy the Nostril-checker,1,Mulled wine,Not delivered
Roediger the Nostril-checker,3,Pudding,Delivered
Balcock the Conscientious,3,Pudding,Delivered
Vanessa the Xylopolist,2,Mulled wine,Not delivered
Zoe the Lumple-mumple,0,Pudding,Delivered
Cleo the Joyous,4,Mulled wine,Not delivered
Roediger the Truculent,3,Mulled wine,Not delivered
Alan the Muppet,2,Mulled wine,Not delivered
Petr the Lumple-mumple,3,Mulled wine,Not delivered
Jingle the Puddle jumper,2,Mulled wine,Delivered
Zoe the Vagarious,3,Mulled wine,Delivered
Liv the Partial derivative,1,Pudding,Delivered
Flimminiflam the Dotish,3,Mulled wine,Not delivered
Alan the Jumentous,3,Mulled wine,Not delivered
Cleo the Innocuous,2,Mulled wine,Not delivered
Tinsel the Witch,4,Mulled wine,Not delivered
Bardfast the Fork-lift truck,1,Pudding,Delivered
Ramsey the Famulus,3,Pudding,Delivered
Pooter the Quiet,1,Pudding,Not delivered
Meggie the Sangoma,3,Mulled wine,Delivered
Flo the Chopwooder,3,Pudding,Delivered
Pongo the Delighted,3,Pudding,Delivered
Tinsel the Nostril-checker,0,Mulled wine,Delivered
Dojan the Mudlark,2,Mulled wine,Delivered
Ramsey the Innocuous,2,Mulled wine,Not delivered
Joz the Sangoma,3,Pudding,Delivered
Zorro the Delighted,4,Mulled wine,Not delivered
Juniper the Musical,1,Mulled wine,Delivered
Vicki the Invisible,4,Mulled wine,Not delivered
Zoe the Kind,0,Mulled wine,Delivered
Jojo the Statistical,2,Pudding,Delivered
Hughy the Jubulant,3,Pudding,Delivered
Belphegor the Content,3,Pudding,Delivered
Juniper the Innocuous,2,Mulled wine,Not delivered
Dreary the Cuddle,4,Pudding,Delivered
Ramsey the Woodchopper,3,Pudding,Delivered
Francis the Iron maiden fan,3,Mulled wine,Not delivered
Belphegor the Jubulant,0,Mulled wine,Delivered
Henri the Xylopolist,2,Mulled wine,Not delivered
Alice the Content,1,Mulled wine,Delivered
Mustafi the Strong,2,Mulled wine,Not delivered
Bindlestiff the Bashful,1,Mulled wine,Delivered
Evie the Fugacious,4,Pudding,Not delivered
Fifi the Xylopolist,0,Pudding,Delivered
Wickham the Chopwooder,2,Mulled wine,Not delivered
Edwin the Visible,2,Pudding,Delivered
Jongle the Tall,0,Mulled wine,Delivered
Oxter the Truculent,4,Pudding,Delivered
Rob the Invisible,0,Mulled wine,Delivered
Amber the Fugacious,3,Pudding,Delivered
Bellerin the Panurgic,2,Pudding,Not delivered
Pongo the Bashful,3,Pudding,Delivered
Nit the Jumentous,3,Mulled wine,Not delivered
Erwin the Hippocampus,1,Pudding,Delivered
Cog the Mudlark,3,Mulled wine,Not delivered
Vidiot the Nondescript,4,Pudding,Delivered
Edwin the Jumentous,4,Mulled wine,Not delivered
Tinsel the Invisible,0,Pudding,Delivered
Roediger the Superbious,1,Mulled wine,Delivered
Alan the Defensive midfielder,2,Mulled wine,Not delivered
Erwin the Fork-lift truck,3,Mulled wine,Not delivered
Edward the Extroverted,1,Pudding,Delivered
Famulus the Wrapper,3,Mulled wine,Not delivered
Jangle the Unconscious,1,Pudding,Delivered
Erwin the Xylopolist,2,Pudding,Delivered
Dreary the Invisible,3,Pudding,Delivered
Oxter the Pinguid,0,Mulled wine,Delivered
Balcock the Dwaal,1,Mulled wine,Delivered
Noothbrush the Musical,4,Mulled wine,Delivered
Iwobi the Bashful,1,Pudding,Delivered
Skelf the Knee-scratcher,4,Pudding,Delivered
Fankle the Strong,2,Pudding,Delivered
Nit the Panurgic,3,Pudding,Delivered
Erwin the Musical,3,Mulled wine,Not delivered
Noothbrush the Chin-tickler,2,Pudding,Delivered
Ramsey the Superbious,1,Pudding,Not delivered
Edward the Egalitarian,0,Mulled wine,Delivered
Bruce the Vagarious,3,Pudding,Delivered
Rand the Pinguid,2,Pudding,Delivered
Frimpong the Mudlark,1,Mulled wine,Not delivered
Mustafi the Argute,2,Mulled wine,Not delivered
Jangle the Pickler,2,Mulled wine,Delivered
Paice the Unconscious,3,Mulled wine,Not delivered
Bruce the Wrapper,3,Pudding,Delivered
Dreary the Fergal-fargel,2,Mulled wine,Not delivered
Erwin the Unconscious,3,Pudding,Delivered
Flumin the Lollygag,2,Pudding,Delivered
Potomous the Visionary,3,Mulled wine,Not delivered
Lardy the Conscious,2,Pudding,Delivered
Amber the Wrapper,0,Mulled wine,Delivered
Vidiot the Sangoma,0,Pudding,Delivered
Francis the Partial derivative,2,Pudding,Delivered
Milton the Determined,4,Mulled wine,Not delivered
Edward the Mudlark,3,Pudding,Delivered
Liv the Cuddle,0,Mulled wine,Not delivered
Buttercup the Xylopolist,3,Pudding,Not delivered
Moggie the Bashful,1,Pudding,Delivered
Oxter the Eigen vector,3,Mulled wine,Delivered
Pooter the Introverted,2,Mulled wine,Not delivered
Vicki the Reindeer feeder,1,Pudding,Not delivered
Lardy the Mudlark,3,Mulled wine,Delivered
Nergal the Arm measurer,0,Mulled wine,Delivered
Nergal the Visionary,4,Pudding,Not delivered
Skelf the Fugacious,4,Pudding,Delivered
Snorklum the Determined,1,Mulled wine,Not delivered
Gillan the Biddible,3,Mulled wine,Not delivered
Henri the Famulus,2,Pudding,Delivered
Vicki the Unconscious,3,Mulled wine,Not delivered
Joz the Neurotic,3,Pudding,Delivered
Milton the Muppet,2,Mulled wine,Not delivered
Selkie the Neurotic,0,Pudding,Delivered
Francis the Sangoma,1,Mulled wine,Delivered
Vicki the Biddible,1,Pudding,Delivered
Rand the Chin-tickler,2,Pudding,Delivered
Balcock the Spatula,0,Mulled wine,Delivered
Hughy the Visible,3,Mulled wine,Not delivered
Farty the Ulotrichous,1,Pudding,Delivered
Tinsel the Mid-term assessment,3,Mulled wine,Not delivered
Potomous the Strong,2,Pudding,Delivered
Tinsel the Superbious,2,Pudding,Delivered
Nicko the Flatulent,2,Pudding,Delivered
Tulip the Witch,0,Mulled wine,Delivered
Flumin the Cuddle,1,Mulled wine,Not delivered
Saed the Mid-term assessment,1,Mulled wine,Delivered
Em the Egalitarian,1,Pudding,Delivered
Amulet the Egalitarian,4,Mulled wine,Not delivered
Bardy the Mid-term assessment,3,Pudding,Delivered
Em the Ulotrichous,0,Mulled wine,Delivered
Per the Wrapper,3,Mulled wine,Delivered
Florence the Cute,2,Pudding,Not delivered
Flumin the Dotish,1,Mulled wine,Not delivered
Jinjijinjinjan the Mid-term assessment,2,Pudding,Delivered
Bardfast the Dextrous,4,Mulled wine,Not delivered
Per the Woodchopper,4,Mulled wine,Not delivered
Theo the Conscious,3,Pudding,Delivered
Ozzy the Jumentous,3,Mulled wine,Not delivered
Oxter the Crank,3,Mulled wine,Delivered
Condrick the Nostril-checker,2,Mulled wine,Delivered
Petr the Strong,3,Pudding,Not delivered
Charlie the Forgetful,1,Pudding,Delivered
Bindlestiff the Visionary,0,Pudding,Delivered
Fipple the Hippocampus,2,Mulled wine,Delivered
Noggin the Nostril-checker,2,Mulled wine,Not delivered
Charlie the Ulotrichous,2,Pudding,Delivered
Edward the Puddle jumper,0,Pudding,Delivered
Daisy the Visible,4,Mulled wine,Delivered
Vanessa the Visionary,3,Mulled wine,Not delivered
Amulet the Dextrous,1,Pudding,Delivered
Vidiot the Innocuous,3,Pudding,Delivered
Ogdoad the Egalitarian,1,Mulled wine,Delivered
Janice the Content,4,Pudding,Not delivered
Iwobi the Muppet,2,Mulled wine,Not delivered
Juniper the Impossible,1,Mulled wine,Delivered
Vidiot the Joyous,3,Pudding,Delivered
Pooter the Pointless dancer,2,Mulled wine,Delivered
Zoe the Sangoma,1,Mulled wine,Delivered
Ainsley the Industrious,3,Mulled wine,Not delivered
Zorro the Defensive midfielder,3,Mulled wine,Not delivered
Hughy the Tidy,0,Pudding,Delivered
Bumbo the Elf,1,Mulled wine,Delivered
Aaron the Delighted,4,Mulled wine,Not delivered
Arlo the Cute,3,Mulled wine,Not delivered
Edward the Lollygag,2,Mulled wine,Delivered
Sisifus the Rubiginous,3,Pudding,Delivered
Zoe the Determined,4,Pudding,Delivered
Bruce the Nepharious,3,Pudding,Not delivered
Rand the Extroverted,1,Mulled wine,Delivered
Compote the Xylopolist,2,Pudding,Delivered
Ogdoad the Xylopolist,1,Pudding,Not delivered
Snorklum the Busy,1,Mulled wine,Delivered
Petr the Wrapper,1,Mulled wine,Delivered
Alan the Argute,0,Mulled wine,Delivered
Edwin the Partial derivative,3,Pudding,Delivered
Condrick the Content,2,Mulled wine,Not delivered
Liv the Forgetful,0,Pudding,Delivered
Edward the Unconscious,2,Mulled wine,Not delivered
Jizzlobber the Forgetful,1,Mulled wine,Delivered
Mustafi the Muppet,0,Mulled wine,Delivered
Jingle the Forgetful,3,Pudding,Delivered
Evie the Arm measurer,3,Mulled wine,Not delivered
Arlo the Xylopolist,4,Mulled wine,Not delivered
Skelf the Extroverted,1,Pudding,Not delivered
Sisifus the Dextrous,1,Mulled wine,Not delivered
Bumbo the Muppet,1,Mulled wine,Not delivered
Jingle the Jumentous,0,Mulled wine,Delivered
Darren the Invisible,3,Pudding,Delivered
Ogdoad the Eigen vector,1,Pudding,Delivered
Gillan the Quiet,0,Mulled wine,Not delivered
Jingle the Eigen vector,3,Pudding,Delivered
Buttercup the Nelipot,4,Mulled wine,Not delivered
Fifi the Fugacious,0,Pudding,Delivered
Ug the Partial derivative,2,Mulled wine,Delivered
Nicko the Extroverted,0,Pudding,Delivered
Noggin the Tedious,1,Mulled wine,Delivered
Dojan the Determined,1,Mulled wine,Delivered
Rik the Egalitarian,0,Mulled wine,Delivered
Edward the Invisible,1,Pudding,Delivered
Janice the Carpenter,2,Mulled wine,Delivered
Iwobi the Statistical,3,Mulled wine,Not delivered
Petr the Partial derivative,4,Mulled wine,Not delivered
Tinsel the Busy,0,Mulled wine,Delivered
Nergal the Conscious,3,Mulled wine,Not delivered
Flumin the Tedious,2,Pudding,Delivered
Juniper the Festive,0,Mulled wine,Delivered
Rik the Truculent,1,Pudding,Delivered
Flo the Pickler,2,Pudding,Delivered
Janice the Flatulent,3,Mulled wine,Not delivered
Bumfissue the Famulus,2,Mulled wine,Not delivered
Quo the Nostril-checker,2,Pudding,Delivered
Joz the Tedious,4,Mulled wine,Not delivered
Saed the Carpenter,2,Mulled wine,Delivered
Ogdoad the Lumple-mumple,0,Pudding,Delivered
Daisy the Rubiginous,2,Mulled wine,Delivered
Oxter the Chopwooder,1,Mulled wine,Not delivered
Theo the Pointless dancer,1,Mulled wine,Delivered
Nicko the Lollygag,1,Pudding,Not delivered
Liv the Innocuous,1,Mulled wine,Delivered
Gillan the Truculent,1,Pudding,Delivered
Pongo the Carpenter,3,Mulled wine,Not delivered
Ramsey the Musical,2,Mulled wine,Delivered
Oxter the Pointless dancer,0,Mulled wine,Delivered
Bardfast the Crank,2,Mulled wine,Not delivered
Bardfast the Carpenter,2,Mulled wine,Not delivered
Hadley the Musical,1,Pudding,Delivered
Snorklum the Dotish,1,Pudding,Delivered
Erwin the Dwaal,2,Mulled wine,Delivered
Milton the Jubulant,2,Mulled wine,Not delivered
Aaron the Musical,3,Mulled wine,Not delivered
Jojo the Dwaal,0,Pudding,Delivered
Condrick the Joyous,2,Mulled wine,Delivered
Evie the Chin-tickler,3,Mulled wine,Delivered
Nergal the Xylopolist,0,Pudding,Delivered
Meggie the Extroverted,0,Pudding,Delivered
Tarantino the Knee-scratcher,1,Mulled wine,Delivered
Jangle the Arm measurer,2,Pudding,Delivered
Fipple the Truculent,1,Pudding,Delivered
Milton the Fairy disguised as an elf,3,Mulled wine,Not delivered
Erwin the Knee-scratcher,0,Mulled wine,Delivered
Bindlestiff the Statistical,1,Pudding,Delivered
Balcock the Arm measurer,3,Pudding,Delivered
Flo the Invisible,1,Pudding,Delivered
Edwin the Witch,3,Mulled wine,Not delivered
Willock the Xylopolist,3,Mulled wine,Not delivered
Farty the Invisible,2,Mulled wine,Not delivered
Amber the Content,2,Pudding,Delivered
Arlo the Visible,4,Mulled wine,Not delivered
Jingle the Dextrous,2,Mulled wine,Not delivered
Selkie the Gregarious,2,Mulled wine,Not delivered
Geeling the Musical,0,Mulled wine,Delivered
Fipple the Small,0,Pudding,Delivered
Compote the Invisible,1,Pudding,Not delivered
Jangle the Biddible,0,Pudding,Delivered
Charlie the Conscious,3,Pudding,Delivered
Noggin the Biddible,0,Mulled wine,Delivered
Xeb the Determined,3,Pudding,Not delivered
Bardfast the Knee-scratcher,2,Mulled wine,Delivered
Petr the Musical,0,Pudding,Delivered
Alexis the Rapid,3,Mulled wine,Not delivered
Milton the Industrious,3,Mulled wine,Not delivered
Hadley the Vagarious,1,Mulled wine,Delivered
Vidiot the Industrious,3,Mulled wine,Not delivered
Edward the Cuddle,3,Mulled wine,Delivered
Charlie the Witch,0,Mulled wine,Not delivered
Meggie the Gregarious,3,Pudding,Delivered
Zorro the Rapid,4,Pudding,Delivered
Daisy the Xylopolist,2,Mulled wine,Not delivered
Ozzy the Crank,2,Pudding,Delivered
Bumbo the Pinguid,0,Pudding,Delivered
Bumbo the Conscientious,2,Pudding,Delivered
Noggin the Hincklepump,2,Mulled wine,Delivered
Ug the Content,1,Mulled wine,Not delivered
Em the Defensive midfielder,2,Pudding,Delivered
Ogdoad the Statistical,4,Pudding,Delivered
Dani the Dotish,2,Mulled wine,Not delivered
Cleo the Defensive midfielder,2,Pudding,Delivered
Alexis the Spatula,2,Pudding,Delivered
Potomous the Hungry,3,Mulled wine,Not delivered
Nicko the Determined,1,Pudding,Delivered
Wibbleflip the Neurotic,2,Mulled wine,Delivered
Fankle the Dotish,0,Pudding,Delivered
Jinjijinjinjan the Nepharious,3,Mulled wine,Delivered
